username,date,komentar
in.ndull,3/5/2025 18.04.07,@mytelkomsel kulhuaelekkk.. Kesueeenn
in.ndull,3/5/2025 20.08.21,Cek dm min
mytelkomsel,3/5/2025 20.12.18,Otw cek DM dari Kak @in.ndull nih. Mohon tunggu sebentar ;) -Joan
in.ndull,3/5/2025 20.13.34,@mytelkomsel ayolahhh otewa otewe aja kau ni
siregaeridwan,4/5/2025 00.32.27,Tolong dong jaringan telkomsel di Perbaiki
mytelkomsel,4/5/2025 00.36.15,"Maaf ya, Kak. Rasya bantu cari solusi biar jaringan stabil lagi. DM in  nomor HP, tanggal kejadian, sama lokasi (kelurahan, kecamatan dan kota) yuk. Sehat selalu :) -Rasya"
handaka_dewata,4/5/2025 12.57.53,"Ubah paket telkomsel halo ke telkomsel prabayar dengan nomor yg sama, sudah pengajuan di aplikasi, sudah ada notif tapi pas di bukan isi chatnya gak ada, lelet banget aplikasinya, padahal sinyal stabil, ngen***"
mytelkomsel,4/5/2025 17.16.26,"Maaf bikin gak nyaman Kak @handaka_dewata biar dibantu pengecekan lebih lanjut, coba kasih tau nomor HP, lokasi detail, tanggal kejadian serta Nomor Telkomsel lain yang berkendala sama ke DM biar dibantu internet berkendalanya :) -Dero"
hartonos11,4/5/2025 19.43.31,"2 minggu aplikasi my tsel gak connect sama sekali, yutub, sosmed,, maingame lancar jaya, giliran buka aplikasi my tsel langsung gak connect. Solusinya harus uninstall, trus install ulang baru connect. Lah kok besoknya penyakitnya muncul lagi. Tambah lama tambah muak sama ini aplikasi operator. ğŸ˜¢"
mytelkomsel,4/5/2025 19.57.05,Mohon maaf jadi gak nyaman ya Kak @hartonos11 :( Coba konfirmasi ke DM nomor HP sama detail kendalanya biar dibantu follow up lebih lanjut dan rahasia data lebih terjaga. Makasih :) -Dero
wahyu_menang,5/5/2025 11.06.37,Telkomsel sy sdh hampir 1 bulan di janji janji di tipu tipu disuruh menunggu. Kalau bukan sy yg telpon tidak ada kabar. Mana saldo sy sejak tgl 14 februari sampai sekarang sy hanya disuruh menunggu
wahyu_menang,5/5/2025 11.06.37,Telkomsel sy sdh hampir 1 bulan di janji janji di tipu tipu disuruh menunggu. Kalau bukan sy yg telpon tidak ada kabar. Mana saldo sy sejak tgl 14 februari sampai sekarang sy hanya disuruh menunggu
mytelkomsel,5/5/2025 11.10.36,Mohon untuk melanjutkan interaksinya di Dm ya Kak @wahyu_menang. Makasih ğŸ˜Š-Micha
mytelkomsel,5/5/2025 11.10.44,"Maaf ya Kak @wahyu_menang :( kalo belum terima refund pulsanya, boleh tunggu dulu balasan DMnya ya :( -Nesya"
wahyu_menang,5/5/2025 11.38.21,Kejadian tgl 14 sy terima pesan dr telkomsel katanya sdh ada yg bln februari.  Klo februari sdh selesai tp ada kasus baru bulan april. Ini sudah kesekian kalinya telkomsel begini
mytelkomsel,5/5/2025 11.40.31,Kak @wahyu_menang maaf ya :( boleh konfirmasi detailnya ke DM untuk dibantu pengecekan dulu ya :( -Nesya
prakoso.galang,5/5/2025 13.00.21,Aplikasinya lemot bgt
mytelkomsel,5/5/2025 13.01.41,"Maafin banget ya Kak @prakoso.galang. Untuk kendala gak bisa akses aplikasi MyTelkomsel, silakan Uninstall aplikasi lalu Install kembali dengan versi terbaru ya. Jika masih berkendala, infoin nomor HP, tipe perangkat, versi OS ke DM supaya bisa dibantu cek lebih lanjut ya. Makasih ğŸ˜Š -Micha"
hamziahzia,6/5/2025 05.06.43,"Pulsa saya selalu ke potong, padahal gak aktifin paket data, internet juga pake wifi, suka heran deh"
mytelkomsel,6/5/2025 05.11.55,"Mohon maaf Kak Hamziah, berkenan infokan nomor HP, tanggal kejadiannya, pulsa awal, pulsa akhir dan jumlah pulsa yang terpotong via DM buat dicek ğŸ˜‰ -Natan"
hamziahzia,6/5/2025 05.14.48,@mytelkomsel ok
khris.na21,6/5/2025 10.03.23,Aplikasi loe nge load mulu di kira sinya gw H+
mytelkomsel,6/5/2025 10.05.26,"Maafin Kak Khris, yuk re-install aplikasi MyTelkomsel, lalu login kembali. Jika masih kendala infokan nomor HP, type perangkat dan OS ke DM. Makasih -Chika"
axx.ksell,6/5/2025 10.34.27,Woy cek dm
mytelkomsel,6/5/2025 10.35.53,Oke siap Kak @axx.ksell :) -Joan
khris.na21,6/5/2025 10.35.56,@mytelkomsel cek dm
apriy693,6/5/2025 10.41.48,Assalamu'alaikum selamat siang sy mau minta solusi nih knp yah setiap mau main GameHub di aplikasi MyTelkomsel selalu lola loading lama berat banget kalo mau buka nya
mytelkomsel,6/5/2025 10.43.15,"Waalaikumsalam Kak @apriy693. Maafin ya. Kakak bisa coba clear cache, uninstall terus install lagi aplikasinya dengan versi terbaru ya. Jika tetap sama, boleh infoin Nomor HP, Tanggal waktu kejadian, tipe HP dan capture kendalanya via DM, biar dibantu cek serta privasi terjaga. Thanks ğŸ˜Š -Sakia"
apriy693,6/5/2025 14.00.55,@mytelkomsel ok sy udah dm yaaah
khaliim_imaa,10/5/2025 08.04.43,semoga ketemu disana ya minğŸ™Œâ¤ï¸
mytelkomsel,1/5/2025 17.24.50,"Mohon maaf ya Kak atas ketidaknyamanan yang dialami. Mengenai kendala aplikasi MyTelkomsel, Zyad saranin Kakak coba clear cache aplikasi lalu re-install aplikasi terlebih dahulu ya. Namun jika masih tetap sama, yuk infoin nomor HP, waktu tanggal kejadian, tipe HP sama capture detail kendala melalui DM. Biar dibantu cek serta privasi data terjaga. Makasih :) -Zyad"
belum_kurus,1/5/2025 17.26.04,"@mytelkomsel sudah sering hapus cache, clear data, hapus aplikasi download lagi tetep aja begitu"
belum_kurus,1/5/2025 17.26.47,@mytelkomsel dan tidak sekali dua kali tapi sering begini
belum_kurus,1/5/2025 17.28.25,"@mytelkomsel yg awalnya sabar gapernah komen2 di ig, akhirnya saking seringnya begitu akhirnya komen disini"
in.ndull,1/5/2025 18.49.16,Cek dm min
mytelkomsel,1/5/2025 18.53.08,Tunggu konfirmasi selanjutnya via DM yaa. Makasih Kak @in.ndull :) -Dero
heppyneyerry,1/5/2025 19.03.38,"ğ“ğğ¥ğ¤ğ¨ğ¦ğ¬ğğ¥ ğšğ§ğ£, ğ¤ğğ¤ ğ›ğšğ›ğ¢, ğ¤ğ¨ğ§ğ­ğ¨ğ¥, ğ¥ğğ¦ğ¨ğ­ ğ›ğšğ§ğ ğğ­"
mytelkomsel,1/5/2025 19.17.35,"Mengenai kendala akses internet lambat, Zyad minta maaf ya Kak:( Tapi Kakak tenang aja, coba Kakak infoin nomor yang berkendala, waktu tanggal kejadian, lokasi (Kel, Kec, Kab/Kota) nomor lain berkendala sama via DM ya, biar bisa di bantu cek lebih lanjut dan privasi data terjaga. Makasih :) -Zyad"
in.ndull,1/5/2025 20.27.11,"@mytelkomsel mohon segera di respon, sampe sekarang belom ada jawaban"
mytelkomsel,1/5/2025 20.49.09,"Baik, Kak @tuthiis025. Mengenai kendala yang dialami, silakan Kakak infoin data yang diminta sebelumnya ke DM agar bisa Steve bantu cek lebih lanjut ya. Tks ğŸ˜Š-Steve"
mytelkomsel,1/5/2025 20.50.20,"Baik, Kak @cerita.alkan. Mengenai kendala yang di alami, silakan Kakak infoin ke DM data yang diminta sebelumnya agar bisa di cek lebih lanjut ya. Makasih ğŸ˜Š-Steve"
mytelkomsel,1/5/2025 20.52.03,"Baik, Kak @bunda_fariani_nofita. Apabila sudah melakukan Reinstall namun masih berkendala sama, silakan Kakak infoin data yang diminta sebelumnya ke DM agar bisa di cek lebih lanjut yah. Tks ğŸ˜Š-Steve"
mytelkomsel,1/5/2025 20.53.23,"Duh, Maaf ya Kak @muhfalen. Mengenai kendala Internet ga stabil, coba Kakak infoin nomor yang berkendala, waktu tanggal kejadian, lokasi (Kel, Kec, Kab/Kota) nomor lain berkendala sama via DM ya, biar bisa di bantu cek lebih lanjut dan privasi data terjaga. Makasih ğŸ˜Š -Steve"
kcubs.inst,2/5/2025 14.35.42,Ok
imam05.11,2/5/2025 14.41.10,Aplikasi nya terlalu lemot banyak drama
mytelkomsel,2/5/2025 14.44.20,"Maaf ya Kak @imam05.11 :( boleh clear cache dan reinstall MyTelkomsel dgn versi terbaru. Kalo masih sama, infokan ke DM nomor HP dan capture keterangannya biar dibantu cek ya :( -Nesya"
imam05.11,2/5/2025 14.45.18,@mytelkomsel tolong bales DM an saya aku jelasi apk banyak kurang nya !!
raymondtaeko,2/5/2025 15.42.13,"Padam listrik, padam pula dia. Lucu, LAWAK ğŸ˜‚ğŸ˜‚ğŸ˜‚ğŸ˜‚"
mytelkomsel,2/5/2025 16.05.32,Kenapa nih Kak Ray. Boleh infoin pertanyaan secara detailnya biar Ardhan bisa berikan solusi yg tepat. Makasih ğŸ˜Š-Ardhan
raymondtaeko,2/5/2025 16.25.57,@mytelkomsel bali
arifinz08,2/5/2025 17.56.40,"Apknya lemooot, klaim hadiah error terus"
mytelkomsel,2/5/2025 18.00.47,"Maaf ya, Kak.  Kalo udah coba restart HP, clear cache aplikasi, sama reinstal aplikasi MyTelkomsel nya masih sama, share ke inbox tsel.me/chatva nomor HP biar dibantu penanganan lebih lanjut. Sehat selalu :) -Rasya"
arifinz08,2/5/2025 18.55.23,"@mytelkomsel tidak bisa klaim hadiah ekstra gembira, tombol ""lanjutkan"" tidak bisa dipencet, udah dipencet balik lagi"
in.ndull,2/5/2025 19.22.11,Cek dm dan respon min
kurniawan__68,2/5/2025 19.26.56,Kenapa ya sekarang claim selalu gagal dri poin yang di kumpulkan padalan gda masalah
mytelkomsel,2/5/2025 19.34.09,"Maaf ya, Kak. Keterangan ga bisa claim nya apa? Kalo udah coba restart HP, clear cache aplikasi, sama reinstal aplikasi masih ga bisa, DM in type HP yuk. Sehat selalu :) -Rasya"
mytelkomsel,2/5/2025 19.35.13,Maaf sudah buat Kak Indah nunggu ya ğŸ˜Ÿ Rai sudah colek rekan di DM untuk segera lakukan pengecekan. Dicek kembali balasan DM nya secara berkala ya ğŸ˜Š -Rai
kurniawan__68,2/5/2025 19.36.20,@mytelkomsel udh ku DM tu coba lihat
in.ndull,2/5/2025 21.40.22,@mytelkomsel belom ada
__niko.frm,3/5/2025 06.47.03,"Pagi min, mau bertanya . Ini kenapa ya reward nya gak bisa ditukarkan? Padahal point nya banyak, dan periode sekarang belum ada penukaran paket rewardnya, terkadang muncul pembritahuan terjadi kendala, kadang muncul menu penukaran akan tetapi tidak bisa d klik menu tukar . Terimakasih"
mytelkomsel,3/5/2025 06.48.18,"Pagi juga Kak @__niko.frm. Maafin gak bisa klaim reward ya :( Cobain clear cache, uninstall terus install lagi aplikasinya dengan versi terbaru ya. Jika tetap sama, boleh infoin Nomor HP, dan capture kendalanya via DM, biar dibantu cek serta privasi terjaga. Thanks ğŸ˜Š -Sakia"
__niko.frm,3/5/2025 06.49.20,@mytelkomsel udah d clear cache sama uninstall min..tp tetap begitu juga..
__niko.frm,3/5/2025 06.50.00,@mytelkomsel udah di dm ya min..mohon dibantu
tubagus_s,3/5/2025 09.39.51,"Haallooooâ€¦ saya mau tanya nih min, jaringan di jambi kok lemot banget yah?? Terus kuota juga cepat bgd habis nya !! Makin upgrade kok makin jelek yah simpati ğŸ˜’"
mytelkomsel,3/5/2025 09.42.49,"Halo juga, Kak @tubagus_s maafin ya. Aci bantu biar jaringan nya normal lagi ya. Yuk infoin nomor HP, tanggal dan waktu kejadian, lokasi detail (minimal kelurahan) ke DM agar data terjaga. Kemudian, untuk konsumsi kuota disesuaikan dengan penggunaan kuota di nomor Kakak ya. Kakak bisa cek detail nya di settingan HP Kakak bagian data usage. Aci sarankan agar gak cepet habis, pastikan tidak ada latar belakang yang aktif kalau aplikasi gak digunakan. Makasih ğŸ˜Š-Aci"
tubagus_s,3/5/2025 10.52.50,"@mytelkomsel sudah saya DM min.. latar belakang mati semua min, cuma WA yg aktif.. 20gb habis 2 hari min ğŸ™‚â€â†•ï¸"
tandwtr_,3/5/2025 12.39.57,"Haloii min. Saya abis beli pulsa, udah dapet sms notifikasi transaksi, namun pulsa belum bertambah juga"
mytelkomsel,3/5/2025 12.41.48,"Haloo, baru hari ini Kak transaksi pulsanya? Apa udah sempet cek saldo refund? Maafin kalo pulsa belum diterima :( Kita lanjut cek ke DM yuk dengan bantu share nomor HP, ID transaksi juga capture transaksi berhasilnya. -Joan"
syamkdr2,3/5/2025 13.33.10,Ya ampun baru kali ini mau klaim poin di stamp berhadiah kehabisan voucher. Biasanya selalu dapat ğŸ˜”
mytelkomsel,3/5/2025 13.34.45,Huhu semangaat Kak @syamkdr2 cek terus MyTelkomsel yaaa banyak event dan program menarik lhoo :)-Sabil
luckymul,3/5/2025 16.57.45,saya tiap hari nuker point min belum ada sama sekali sms :((((
mytelkomsel,3/5/2025 16.59.25,Untuk SMS keterangan berhasil tukar Poin atau SMS informasi pemenang Kak? :( Biar Joan bantu lebih lanjut. -Joan
luckymul,3/5/2025 17.00.31,@mytelkomsel jberhasil tuker point doang
in.ndull,3/5/2025 17.45.25,Cek dm min
in.ndull,3/5/2025 17.45.30,Respon dm min
mytelkomsel,3/5/2025 17.48.59,Tunggu ya Kak @in.ndull DM-nya pasti dibalas :)-Sabil
mytelkomsel,3/5/2025 17.55.57,Siaap Kak Ndul. Ditunggu balesan rekan Zyad selanjutnya di DM ya. Makasih :) -Zyad
in.ndull,3/5/2025 18.03.50,@mytelkomsel balasss dm sayaaa
nisadwilazuardi,26/4/2025 07.53.11,"Wah wah wah gabisa nih, harus langsung disegerakan running. Yuk lah semangat!!!! Challenge accepted!!! ğŸ’ªğŸ»ğŸ”¥ğŸš€"
axlsong,26/4/2025 07.56.02,"Are you guys ready for challenge??? Sudah ceklis semua step nya gue, siap siap lah masuk top leaderboard pasti gue"
meriampelupp,26/4/2025 07.59.16,Setiap step nya dipandu dg sangat perfect regist nya jd gampang bgt. Hayuk lah kita cari sehat sekalian cari hadiahnya juga siapa tau bisa tembus top 50 leaderboard kan hehe ğŸ™ŒğŸ™Œ
jajangnur3100,26/4/2025 08.01.48,"Awalnya gue males join eh tp temen2 gue pd maksa bgt gue buat join. Yaudah dah gue join, ternyata registrasi nya semudah ini??? Nah skrg jd gue yg semangat buat lari nih sambil berburu hadiah nya juga ğŸ¤£"
mytelkomsel,26/4/2025 08.02.39,Hihi semangat ya Kak @jajangnur3100 ğŸ”¥ ğŸ˜Š -Nesya
putraajiemanuel,26/4/2025 08.04.55,Eh kok bisa instruksinya sejelas ini?? Haha skrg tinggal rajinin track KM nih gue biar tembus top leaderboard yuhuuuuuuu ğŸƒâ€â™‚ï¸ğŸƒâ€â™‚ï¸
ini_ratno,26/4/2025 10.45.25,Saya punya Poin kira kira 8700 apakah bisa di tukar dengan paket internet..???
mytelkomsel,26/4/2025 10.50.02,"Hai, Kak. Untuk penukaran poin disesuaikan dengan voucher yang tersedia di aplikasi MyTelkomsel ya. Silakan dicek dan tukarkan poinnya. :) -Dhet"
ini_ratno,26/4/2025 10.56.30,@mytelkomsel kenapa tidak di adakan Bisa tukar poin dengan Paket internet..???
fadli_abcd_,27/4/2025 20.10.02,@vanilataapple ganti kartu aja kak
itsme_vitanov,27/4/2025 23.22.32,Stepnya mantap min
mytelkomsel,27/4/2025 23.23.24,Mantaap banget ya Kak Vita ğŸ˜ -Zyad
chrissrvld,28/4/2025 07.22.00,"Aplikasinya aja gak bisa dibuka min, gimana sih"
mytelkomsel,28/4/2025 07.27.07,"Maafin Kak Chris bisa dibantu Chika nih, yuk re-install aplikasi MyTelkomsel, lalu login kembali. Jika masih kendala infokan nomor HP, type perangkat dan OS ke DM. Makasih -Chika"
tuthiis025,28/4/2025 08.20.46,"Kenapa pulsa saya gak masukÂ². Udah dari semalam ditungguin loh. CS juga gak ada tanggapan sama sekali. Udah aplikasinya makin lelet, isi pulsa disuruh sabar"
mytelkomsel,28/4/2025 08.23.20,"Halo Kak maafin ya infokan nomor HP, dan capture beli pulsanya ke DM. Makasih -Chika"
tuthiis025,28/4/2025 08.23.59,"@tuthiis025 Saldo udah kepotong, aplikasi udah diupdate ke versi terbaru. Tapi tetap aja gak masukÂ². @mytelkomsel"
faldyoctavian__,28/4/2025 10.52.37,Mau beli paket aja susahhh bikin mles pake telkomsel
mytelkomsel,28/4/2025 10.57.00,"Maafin, Kak Faldy. Sudah dicoba clear cache, uninstall, lalu install lagi aplikasinya dengan versi terbaru? Jika sudah dan belum bisa, infoin nomor HP dan capture keterangan via DM ya. Makasih. -Dhet"
mudrik970,28/4/2025 17.50.46,Jaringan lemot ngk sesuai sama harga paketnya ya min?
mytelkomsel,28/4/2025 17.51.59,"Kak @mudrik970 maaf banget buat kendala koneksi internet lambatnya, boleh infoin nomor HP, tgl waktu kejadian, lokasi (kel, kec, kota), dan no lain yg berkendala sama jika ada ke DM ya biar Dita bantu cek. :) -Dita"
cerita.alkan,28/4/2025 21.04.04,"Udh 5 hari jaringan kmn?! Udah laporan katanya perbaikan maksimal 60jam. Ini udh hari ke-5, msh susah aja sinyal! Woylah mikir ini byk bisnis dan aktivitas keganggu! Laporan kdua kalinya jwbannya msh template. Bisa kerja ga sih lu pada?"
mytelkomsel,28/4/2025 21.11.41,"Kami upayakan penanganan  terbaik ya Kak Alkan, boleh infokan nomor Telkomsel atau nomor laporannya ke DM untuk kami bantu cek dan follow up, terima kasih. -Nabil"
cerita.alkan,28/4/2025 21.26.27,"@mytelkomsel barusan udh telpon call center lagi. Barusan banget setelah 5 hari ga ada perbaikan dan msh jwban template. Bs kasih slain jawaban template kalo di DM? Udh pakai smartfren, sinyal lancar. 5 nmr telkomsel ga guna smua"
elvnzhrn,28/4/2025 21.28.18,"udh beli paket halo masih gbsa datanya,trs jga pdhl saya bayar sblm jtuh tempo,trs saya sampai beli paket halo lgi,apakah telkomsel lagi gangguan?"
mytelkomsel,28/4/2025 21.30.33,"Maaf ya Kak @elvnzhrn Kami bantu cek dan atasi aduannya ğŸ™ Infokan no Telkomsel, capture pembelian paket ke DM ya, makasih. -Nabil"
elvnzhrn,28/4/2025 21.32.50,@mytelkomsel cek dm min
lamourt.lelouch,29/4/2025 13.59.05,Min ini kenapa jaringan sering error terus pas lagi internet sering lag mohon tindak lanjut kinerjanya
mytelkomsel,29/4/2025 14.01.53,"Maafin Kak jadi ga nyaman, infokan nomor HP, lokasi dan nomor HP kendala yang sama ke DM. Makasih -Chika"
ahmadrudi_.022,29/4/2025 17.56.02,"@mytelkomsel  jangan untung doang penguna lama gk dapat apa""kuota mahal dikit pula ğŸ‘Œ"
satriapr21_,30/4/2025 04.57.22,Ah elah eror lg aaaaja mau beli paket susaah
mytelkomsel,30/4/2025 04.58.51,"Mohon maaf ya Kak Satria atas ketidaknyamanan yang dialami. Kalau saat ini aplikasi MyTelkomsel Kakak berkendala, Zyad saranin Kakak coba clear cache aplikasi lalu re-install aplikasi terlebih dahulu ya. Namun jika masih tetap sama, yuk infoin nomor HP, waktu tanggal kejadian, tipe HP sama capture detail kendala melalui DM. Biar dibantu cek serta privasi data terjaga. Makasih :) -Zyad"
jagattri,30/4/2025 16.26.19,"haloo, selamat sore"
jagattri,30/4/2025 16.26.28,boleh minta tolong
mytelkomsel,30/4/2025 16.27.47,Sore Kak Rosyanda. Ada yang bisa dibantu Kak? cerita yuk ğŸ˜Š -Nesya
mytelkomsel,30/4/2025 16.27.49,Boleh dong Kak @jagattri. Yuk infoin detail kendalanya biar dibantu solusi yang tepat yaa :) -Dero
bunda_fariani_nofita,30/4/2025 18.19.14,"Ada apa dengan aplikasi my Telkomsel. Gak bisa dibuka, loading2 sampe berhari2"
mytelkomsel,30/4/2025 18.24.03,"Mohon maaf Kak Fariani, lakukan reinstall aplikasi MyTelkomsel nya yuk. Bila belum ada perubahan infokan nomor HP dan tanggal kejadian via DM buat disolusikan ğŸ˜‰ -Natan"
bunda_fariani_nofita,30/4/2025 18.26.19,@mytelkomsel sudah sering uninstall & install ulang lagi
bunda_fariani_nofita,30/4/2025 18.28.41,"@mytelkomsel notif masuk terus, tp masuk aplikasi susah"
shelalany,30/4/2025 21.04.23,Cek DM kak
mytelkomsel,30/4/2025 21.05.32,"Oke, Kak :) -Rasya"
ikamarwan_cakes,1/5/2025 00.37.07,"Sinyal telkomsel kenapa buruk banget sih udah 4 hari gak bisa di pake, aku beli paket kuota yang 89 gb, bener bener gak bisa dipake, kalo begini terus bisa pindah ke provider lain nih min"
mytelkomsel,1/5/2025 00.43.23,"Maaf ya, Kak. Rasya bantu cari solusi biar sinyal stabil lagi. DM in nomor HP, nomor lain berkendala sama kalo ada, sama lokasi (kelurahan, kecamatan dan kota) yuk. Sehat selalu :) -Rasya"
juki_ty2,1/5/2025 15.29.51,"kenapa ya pass saya mau reward Ekstra Gembira kok nggak gak bisa malah ada tulisan 504, server nya overload ya ?"
mirhansmnjtk_,1/5/2025 17.12.49,"Jaringan macam apa ini naik turun nya drastis kali, iya kalau nonton video lancar tapi kalau main game gak bisa. Mana paket nya makin mahal mahal gak jelas ğŸ˜‚."
mytelkomsel,1/5/2025 17.15.45,"Kak @mirhansmnjtk_ maaf yaa, Sabil bantu biar jaringan lancar, infoin nomor HP, lokasi(kel, kec,kota/kab), waktu kejadian dan nomor Telkomsel lain yang berkendala sama via DM, makasih :)-Sabil"
belum_kurus,1/5/2025 17.21.34,Aplikasinya tolong di benerin muat ulang muat ulang terus gajelas
willydwi.i,23/4/2025 13.20.51,@telkomsel aku udah tuker jadi vocer cuma belum redeem awal bulan masih berlaku ga kode vocer 50% nya
kfss.35,23/4/2025 13.21.33,@endawan nah ya gua bilang td. Tiket music bakal restock lagi nanti baca aja di kolom2 ig digiland nya. Ada yg khusus jual tiket music doang tanpa mau lari tar di app mytsel
kfss.35,23/4/2025 13.22.25,@endawan krn gua tau infonya bakal ada TICKET MUSIC ONLY tanpa harus ikut lari. Mangkanya mending skrng beli tiket run dulu promo 50% baru deh gua beli tiket music nya doang blkngan
iniboby,23/4/2025 13.28.16,"Dari kemarenÂ² buka bannernya gak bisa terus, tauÂ² udah soldout aja ğŸ« "
mattaroozora,23/4/2025 13.28.18,"Ahh, ngapain bentrok dah pdhal lumyan bgt promonya ğŸ˜‚"
gunadisj,23/4/2025 13.31.28,Sold out dari hari pertama
telkomsel,23/4/2025 13.31.48,"Kak @iniboby, Tukar Telkomsel Poin untuk program Digiland Run 2025 sudah habis ya. Makasih. -Dya"
telkomsel,23/4/2025 13.33.18,Untuk promo  nuker Poin buat dapetin diskon 50% tiket #DigilandRun udah sold out ya Kak @gunadisj. Namun Kakak masih bisa beli dengan harga normal kok. Makasih :) -Sakia
rakadiaputra,23/4/2025 14.32.07,Dimana nukernya?
telkomsel,23/4/2025 15.05.25,"Kalo Kak @rakadiaputra sudah dapet voucher diskonnya, Kakak bisa gunain kode vouchernya dengan masuk halaman digiland.goersapp.com/tickets ya. Lengkapi data diri dan seluruh informasi tertera, kemudian pilih Metode pembayaran, masukkan kode vouchernya, lalu akukan pembayaran. Nanti Eticket akan diterima via email ğŸ˜Š -Rai"
yme01_,23/4/2025 15.16.13,Ini kenapa sih mytelkomsel mau beli kuota kok server tidak merespon tulisannya
rikosquadfivers,23/4/2025 15.18.28,Alhamdulillah kebagian jg diskon 50% nya @rahmadpupito ğŸ˜ğŸ”¥ğŸ”¥
r_idho.setiawan,23/4/2025 15.26.32,"Servernya my Telkomsel diperbaiki coba, saya isi pulsa blm masuk saldo gopay sudah terpotong"
telkomsel,23/4/2025 15.41.08,"Maaf Kak @r_idho.setiawan. Apa udah sempat cek refund? Terkait keluhan pulsa belum didapat, share juga nomor HP, ID transaksi dan capture transaksinya dikirim ke DM. -Joan"
rinajuliana,23/4/2025 15.54.54,Gasssss!!
baba_1508,23/4/2025 15.58.32,cek dm min
rakadiaputra,23/4/2025 16.01.59,@telkomsel cara dapetin kodenya gimana kak?
gindie7,23/4/2025 16.16.58,Dari tadi jam 6 juga ku cari Diskon nya ga ada diaplikasi Telkomsel ğŸ˜‚ğŸ˜‚ğŸ˜‚
telkomsel,23/4/2025 16.21.43,Gasss Kak Rina ğŸ˜ ğŸ‘ -Natan
telkomsel,23/4/2025 16.23.22,Tunggu ya Kak @baba_1508 DM-nya akan dibalas :)-Sabil
telkomsel,23/4/2025 16.39.04,Penawarannya terbatas ya Kak jadi harus cepet cepet hihi :) -Dita
wied_kp0901,23/4/2025 19.11.50,"Zonk euy, nongol promo tukar point tp ketika dibuka selalu ""anda tidak mempunyai akses di halaman ini"""
kfss.35,23/4/2025 19.32.06,@j_susilo16 tar di restock kok
kfss.35,23/4/2025 19.32.41,Ada nih gua vocernya. Payment via toped or sopi
kfss.35,23/4/2025 19.32.59,@iniboby ada nih vocernya gua. Via toped or sopi payment
kfss.35,23/4/2025 19.33.16,@gunadisj ada nih vocernya kl mau
kfss.35,23/4/2025 19.33.40,@gindie7 ada nih vocer diskon 50% nya. Payment via sopi or toped bisa
kfss.35,23/4/2025 19.33.59,"@rakadiaputra ada nih kl mau vocernya. 150rb aja, payment via toped or sopi"
j_susilo16,23/4/2025 19.45.16,@kfss.35 iyaaa kah?
j_susilo16,23/4/2025 19.45.32,@kfss.35 mantap ka
gindie7,23/4/2025 19.52.11,"@kfss.35 ok, aku coba dulu ya... thanks infonya"
kfss.35,23/4/2025 19.59.05,@gindie7 aman link toped di bio gua untuk payment vocer
3msubarkah,23/4/2025 22.27.44,Kak bunding tiket music nya habis ?
mbul_91,23/4/2025 22.32.53,Cek dm min @telkomsel
telkomsel,23/4/2025 22.35.59,"Hallo Kak Subarkah. Untuk bundling tiket konsernya Kakak bisa coba berkala ya, namun jika masih berkendala, Kakka bisa konfirmasi nomor HP sama capture keterangannya melalui DM ya, biar dibantu cek lebih lanjut. Makasih :) -Zyad"
telkomsel,23/4/2025 22.44.52,Okeeeh Kak Mbul. Ditunggu ya balesan rekan Zyad selanjutnya di DM. Makasih :) -Zyad
3msubarkah,23/4/2025 23.32.18,"@telkomsel sudah saya DM mohon direspon , mau payment kak"
telkomsel,23/4/2025 23.34.14,"Iyaa Kak Barkah ditunggu ya, rekan Zyad akan bantu respon DM dari Kakak sesuai antriannya. Makasih :) -Zyad"
rakadiaputra,24/4/2025 12.18.49,@kfss.35 harga tiketnya jadi 150ribu?
rajap_etualang,24/4/2025 17.38.52,"Telkomsel kerjasama dengan pinjol, banyak kali spam SMS pinjol, Telkomsel busuk"
bellaturnip,25/4/2025 10.05.29,Mau complain pembelian data di my telkomsel gak masuk pdhl sdh terpotong saldo kemana ya?
telkomsel,25/4/2025 10.07.19,Hai bisa dibantu Chika nih Kak Bella. Infokan nomor HP dan capture pembelian paket ke DM. Makasih -Chika
bellaturnip,25/4/2025 10.38.23,@telkomsel sudah aku dm ya kak thx
telkomsel,25/4/2025 10.41.20,"Siap, Kak Bella. DM-nya segera dibantu balas ya. -Dhet"
amarta42,2/5/2025 20.33.25,Min tukar poin berhadiah sudah ada pengumuman pemenang nya belum?
telkomsel,2/5/2025 20.35.52,"Min tukar poin berhadiah sudah ada pengumuman pemenang nya belum? 
Solusi : Kalo yang Kakak maksud info pemenang program Undi Undi Hepi, bisa Kakak cek di link www.telkomsel.com/undi-undi-hepi . Makasih udah terus setia sama Telkomsel. Sehat dan bahagia selaluâ¤ï¸-Rasya"
_amifapelawi,23/4/2025 11.39.00,yah di aplikasi mytelkomsel sudah soldout tp batas penukarnnya harini min jam 23:59? ğŸ˜¢
de.aymst1212,23/4/2025 11.46.09,Kapan Tsel Hk ganti 5G
willydwi.i,23/4/2025 11.46.13,Jika sudah ditukar dengan point redem vocer maksimal kapan ? @telkomsel
telkomsel,23/4/2025 11.47.37,Maksudnya jaringan 5G Telkomsel? Saat ini udah tersedia kok Kak di beberapa lokasi dan perangkat HP. Dicek informasi lengkap 5Gnya di link telkomsel.com/5G yuk :) -Joan
telkomsel,23/4/2025 11.53.18,"Secepatnya ya Kak @willydwi.i. Untuk acara Digiland Run  2025 akan diselenggarakan pada hari Minggu, 18 Mei 2025 ya ğŸ˜Š -Micha"
rian.adi879,23/4/2025 11.57.09,@iyonalvano di gbk masih ada both ka
cahya_arifin,23/4/2025 12.00.02,Kok diposting lagi hari ini min.. di my telkomsel sudah sold out dari kemarin.
mulkimaajid,23/4/2025 12.00.24,"Nunggu sebulan lebih masih belum kelar, KEREN KERJA NYA.. harus nunggu sampe lebaran ya? Ini pimpinan telkomsel apa gak malu atau gk lihat ig sebenarnya? Haloâ€¦"
telkomsel,23/4/2025 12.01.39,Kak @cahya_arifin bisa cek program DigiLand 2025 berkala ya. Jangan sampe kelewat Kak :) -Sakia
tinorinandi,23/4/2025 12.02.06,MenyalağŸ”¥
kfss.35,23/4/2025 12.02.34,Yg mau kode vocer nya dm aja. Payment via sopi or toped. Ada sisa 50 kode vocer
kfss.35,23/4/2025 12.04.04,@_amifapelawi gua ada nih kode vocer nya. 150rb per kode vocer
kfss.35,23/4/2025 12.04.15,@ahmadsifirman gua ada nih kode vocer nya. 150rb per kode vocer
aniaqeyraqeylaqeyzan,23/4/2025 12.08.24,"@iyonalvano iyaa benerr  ga niat nih,, masa langsung buka aplikasi mytelkomsel trs udh ga bisa diakses"
kfss.35,23/4/2025 12.15.37,@aniaqeyraqeylaqeyzan udah dr tgl 21 april jam 7 pagi di buka. Di posting ignya indihome
dw.har90,23/4/2025 12.18.41,Lah gw gk bisa malahanğŸ˜¢
addinbrifdam,23/4/2025 12.19.44,@iyonalvano sekalian nonton konsernya mas?
fianarfiann,23/4/2025 12.22.01,@iyonalvano mau kode voucher ga? Inbox
j_susilo16,23/4/2025 12.22.03,dan tiket konsernya soldğŸ˜¢ğŸ˜¢
telkomsel,23/4/2025 12.22.36,"Maaf ya Kak, penawaran penukaran Telkomsel Poin untuk diskon 50% tiket #DigilandRun udah habis nihh ğŸ˜¢ Kakak masih bisa beli dengan harga normal ya ğŸ˜Š -Micha"
fianarfiann,23/4/2025 12.22.39,@dw.har90 inbox klau mau kode voucher
wilsonjanvieradiguna,23/4/2025 12.35.53,@digilandid @telkomsel tambah lagi program tukar poin Telkomsel nya dong
telkomsel,23/4/2025 12.36.32,"Cek berkala ya Kak @wilsonjanvieradiguna, semangat! ğŸ˜Š -Aci"
endawan,23/4/2025 12.36.50,Padahl bolak balik my telkom tp gk nongol diglandnya.. nongol2 sold out
endawan,23/4/2025 12.37.27,@_amifapelawi dari kmren ka abis nya
telkomsel,23/4/2025 12.38.21,Program tukar Poin ke diskon pembelian tiket Digiland Run 2025 ceknya di aplikasi MyTelkomsel halaman Reward ya Kak Endawan. Semoga beruntung di next program :) -Joan
j_susilo16,23/4/2025 12.42.50,@kfss.35 wow
kfss.35,23/4/2025 12.44.02,@j_susilo16 yoiii cuanin selama masih bisa di cuanin. Biar lari  n ntn konser jdi free
dnlsgla,23/4/2025 12.56.39,Digiland masih banyak peminat nya min tpi di my telkomsel udh sold out padahal dari kemaren gabisa reedem.
telkomsel,23/4/2025 12.58.17,"Kak @dnlsgla, Tukar Telkomsel Poin untuk program Digiland Run 2025 sudah habis ya. Makasih. -Dya"
kfss.35,23/4/2025 13.01.58,@endawan udah dr tgl 21 jam 7 pagi. Dm aja kl mau vocernya. 150rb per vocer. Payment via toped or sopi
endawan,23/4/2025 13.03.17,@kfss.35 udh gk ada konsernya bng soldout percuma bng
insanfikri,23/4/2025 13.03.40,@_amifapelawi jarpri klw mu vouchernya kak
insanfikri,23/4/2025 13.04.07,@endawan japri kalau mau voucher nya kak
endawan,23/4/2025 13.04.37,@insanfikri buat apaan bng? ğŸ˜‚ğŸ˜‚konsernya sold out
insanfikri,23/4/2025 13.05.10,@ahmadsifirman dm klw mau voucher mas
kfss.35,23/4/2025 13.06.37,@endawan mending secured dulu tiket run promo. Tar di restock konser tiketnya aja untuk yg dah beli tanpa tiket konser pas flash sale waktu itu
insanfikri,23/4/2025 13.08.21,@endawan 10k sama Hm masih ada kok mas 2 tiket lgi
endawan,23/4/2025 13.08.48,@kfss.35 iy bng tp jdi harga 200 + nnt itu klo ada beli lgi 100rb.. lh w beli voucher lu nnt 150... 450 rb ğŸ˜‚ğŸ˜‚ğŸ˜‚ğŸ˜‚ ngakk bner
kfss.35,23/4/2025 13.12.06,@endawan misal ambil HM kan 600rb +100 tiket konser. Brati total 700rb normal. Kl beli vocer gua 150rb. Brati tiket hm 300rb+konser 100+ 150rb kode vocer. Cmn 550rb abis nya
endawan,23/4/2025 13.16.30,@kfss.35 haduhhh gak paham
endawan,23/4/2025 13.17.43,@kfss.35 ka... tiket musicnya itu harus diklik juga bundlingnya ya bukan klik run nya doank ka .. jdi blom include music klo yg musicnya gk diklik.. dn sekarmg tuh soldout ka tiket musicnya
kfss.35,23/4/2025 13.18.41,@endawan lah td customer gua pada beli tiket run nya aja bisa kok tanpa music
endawan,23/4/2025 13.19.50,@kfss.35 iya kakak bisa.. tetep bisa beli... kan yang aku jau sama bundling tiket musicnya jadi sayang aja klo cmn lari doank
ahmadsifirman,23/4/2025 11.20.49,Duh ga dapetğŸ˜¢
telkomsel,23/4/2025 11.23.24,Semangat Kak @ahmadsifirman cek lagi di waktu yang ada di caption ya ğŸ˜Š -Aci
rohaeni1129,23/4/2025 11.29.53,Gmna sih cara tuker koin nya aku ga bisa padahal koin nya dpt banyak ada 2000 lebih
widyaditaayu,23/4/2025 11.30.41,Caranya gimana ya kak kalau udah beli tiket biar dapet voucher
chris.manik,23/4/2025 11.31.31,Kalau sdh beli dlearly bird bs nuker ini buat apa ya kak
telkomsel,23/4/2025 11.31.45,Maksud nya gimana Kak @widyaditaayu? ğŸ˜Š -Aci
telkomsel,23/4/2025 11.32.27,"Kak @rohaeni1129, Tukar Telkomsel Poin untuk program Digiland Run 2025 sudah habis ya. Makasih. -Dya"
telkomsel,23/4/2025 11.34.05,"Telkomsel Poinnya kemarin bisa ditukar ke diskon pembelian tiket Digiland Run 2025, Kak. Apa Kakak udah coba penukarannya kemarin? :) -Joan"
_amifapelawi,23/4/2025 11.34.09,cara tuker pointnya gmn ya min?
telkomsel,23/4/2025 11.35.42,"Kak @_amifapelawi bisa tukerin Poin ke program Digiland lewat aplikasi MyTelkomsel, lalu ke menu ""Redeem"", scroll sampe ketemu ""Digiland"" ya ğŸ˜Š -Micha"
iyonalvano,23/4/2025 11.37.38,Males ah cepet bgt sold out
johanbowiie,11/5/2025 15.17.37,"Sinyal benerin tolong untuk wilyh kaltim.balikppn,sinyalnya jelek dah 2 mnggu"
mytelkomsel,12/5/2025 13.48.35,"Maaf banget buat kendala sinyal ga stabil nya, Kak @ditzz.saputra boleh infoin nomor HP, tgl waktu kejadian, lokasi (kel, kec, kota), dan no lain yg berkendala sama jika ada ke DM ya biar Dita bantu cek :) -Dita"
mytelkomsel,12/5/2025 13.50.02,"Kelurahan dan kecamatan mana Kak? Maafin ya buat kendala sinyal ga stabil nya, Kak @johanbowiie boleh infoin nomor HP dan no lain yg berkendala sama jika ada ke DM ya biar Dita bantu cek :) -Dita"
anti_ngedr0p,12/5/2025 14.23.02,sinyal ngentot
mytelkomsel,12/5/2025 14.24.38,"Maaf ya kalo sinyal Kak @anti_ngedr0p berkendala. Infoin Nomor HP, Lokasi detail (min. s.d Kelurahan), Tanggal waktu kejadian, Nomor lain yang berkendala sama jika ada via DM, biar dibantu cek serta privasi terjaga. Thanks ğŸ˜Š -Sakia"
alfianzista,12/5/2025 20.03.58,Internet sampah
milaaaa2108,13/5/2025 10.54.50,Knapa no tsel sy ga bsa d isi plsa
mytelkomsel,13/5/2025 13.41.51,"@milaaaa2108 Hai, Kak Milaaaa. Maaf ya, buat gak bisa melakukan pengisian pulsanya. Boleh konfirmasi nomor yang digunakan, capture gagal serta cara pengisian pulsa agar dicek lebih lanjut. Makasih ğŸ˜Š -Emmy"
mytelkomsel,13/5/2025 13.43.13,"@alfianzista Lokasinya dimana nih, Kak Alfian? Maaf ya, untuk internet gak stabilnya ğŸ˜” Yuk, DM nomor Telkomsel yg digunakan, tanggal dan waktu kejadian, lokasi detail (kelurahan, kecamatan, kota ) serta nomor Telkomsel lain yang berkendala sama ya. Makasih ğŸ˜Š -Emmy"
denipurnomo02,13/5/2025 14.17.04,Paket ilmupedia nya kok jauh amat dikuranginnya
mal_inmr,13/5/2025 15.56.42,Sinyal perbaiki dulu
mal_inmr,13/5/2025 15.57.13,@mytelkomsel ga jelas ini memang pelayanan nya
mal_inmr,13/5/2025 15.57.40,@mytelkomsel pelayanan ga jelas
mytelkomsel,13/5/2025 16.00.33,"Sinyalnya kenapa, Kak @mal_inmr? Ada kendala kah? maaf ya ğŸ˜Ÿ Biar kendala sinyal yang Kakak alami bisa kami bantu pengecekan, share segera nomor Telkomselnya ke DM yuk. Sertakan juga waktu kejadian, lokasi lengkap, dan nomor Telkomsel lain yang berkendala sama jika ada ya ğŸ˜Š -Rai"
mal_inmr,13/5/2025 17.06.24,@mytelkomsel cape kak saya pelayanannya lambat
_hendraaa.g,13/5/2025 20.07.59,Sinyal kayak taii
mhmdsahrul__10,13/5/2025 20.43.07,Telkom buat game sekarang susah macet macwt ga jelas
mhmdsahrul__10,13/5/2025 20.43.23,Bagus tutup aja perusahaan telkom
mhmdsahrul__10,13/5/2025 20.43.39,Buat darah tinggi sama stres orang
mytelkomsel,13/5/2025 20.48.12,Biar jaringannya normal lagi Kak Sahrul bisa konfirmasi ke DM untuk penanganan lebih lanjut ya. Ditunggu di DM ğŸ˜‰ -Beeru
mhmdsahrul__10,13/5/2025 22.36.49,@mytelkomsel sudah capek bolak balik ngisi data setelah semua di isi ga berpengaru baru di suruh isi lagi capek doang lol
hpzzalfn_,13/5/2025 23.13.27,"min tolong la sinyal nya di perbaiki, dari kemaren ilang ilang mulu ni min, jadi turun mmr gua min, tolong la di perbaiki meresahkan kali min"
mytelkomsel,14/5/2025 09.54.16,"@hpzzalfn_ Maafin banget ya Kak. Micha bantu cek kendala sinyalnya lewat DM yuk. Infoin Kecamatan dan Kota, sama nomor HP, kalo ada 2 nomor lain yang berkendala sama ya. Makasih ğŸ˜Š -Micha"
mhaafizzzh___,14/5/2025 10.30.09,waktu itu sinyalnya tiba tiba mati
mytelkomsel,14/5/2025 10.33.34,"Siang Kak Afiz, mengenai kendala sinyalnya akan dibantu stabilakn. Kakak bisa infokan nomor HP, lokasi detail (min. s.d Kelurahan), tanggal waktu kejadian, nomor lain yang berkendala sama jika ada via DM. -Haura"
nikenmarika,15/5/2025 11.07.33,"Jelek bgt layanan MyTelkomsel sekarang. Tiba-tiba dapet pemberitahuan kuota tinggal sekian, mau cek lewat apl malah loading terus. Payah"
mytelkomsel,15/5/2025 11.09.24,"Kak @nikenmarika maafin :( Coba clear cache, uninstall terus install lagi aplikasinya dengan versi terbaru yuk. Jika MyTelkomsel masih kendala, boleh infoin Nomor HP, tipe HP dan capture kendalanya via DM, biar dibantu cek serta privasi terjaga. Thanks ğŸ˜Š -Sakia"
nikenmarika,15/5/2025 11.31.04,"@mytelkomsel uninstall mulu min.. Ga ada cara lain gitu? Misal perbaikan dari sistem Telkomsel sendiri. Kita yg bayar, kita yg repot. Duh ğŸ™„"
yhna_sdr,15/5/2025 19.47.45,Kak saya baru saja diganti ke kartu halo dan ingin ganti kembali ke kartu simpati biasa apakah bosa kak? Sebelumnya saya tidak rau kalau harus ada tagihan pembayaran yang lumayan untuk pelajar harus bayar tiap bulannya ğŸ™
yhna_sdr,15/5/2025 19.49.16,@yhna_sdr please tolong kak untuk di kembalikan ke kartu simpati biasa saja saya tidak mau terikat ğŸ™apalagi banyak keluhan dari yang lainnya karna terjadi oembengkakan dana tiap bulannya ğŸ™ yang
dwidepry,15/5/2025 20.54.21,"Sinyal tolong di betulin, 4G rasa 2G lemot parah"
mytelkomsel,15/5/2025 20.58.29,"Mengenai kendala akses internet lambat, Zyad minta maaf ya Kak Dwi:( Tapi Kakak tenang aja, coba Kakak infoin nomor yang berkendala, waktu tanggal kejadian, lokasi (Kel, Kec, Kab/Kota) nomor lain berkendala sama via DM ya, biar bisa di bantu cek lebih lanjut dan privasi data terjaga. Makasih :) -Zyad"
ipul_faiz,16/5/2025 05.47.58,assalamualaikum warahmatullahi wabarakatuh
ipul_faiz,16/5/2025 05.48.34,walaikumsalam warahmatullaahi wabarakatuh
mytelkomsel,16/5/2025 05.49.15,"Waalaikumsalam Kak Ipul, ada apa nih yuk ceritain layanan Telkomsel nya ke DM. Makasih -Chika"
hireyoyo100,16/5/2025 17.10.59,"Min serius deh gw penasaran, sama managemen bisnis kalian. Gw udh pake halo dr tahun 2003, zaman bahala program tukat poin pake sms dan harus satu satu, kena biaya sms normal lagi. Sampe skrg udh ada apps MyTelkomsel, bisa tuker poin juga. Tapi kena tukar voucher nya harus satu satu juga ya? Udh zaman digital begini loh. Itu tukar poin ke makanan pun perlu 100rb poin, kalo yg punya sebanyak itu mau tuker ke voucher, harus tuker 100rb kali gitu??? Dan sekali tuker 2x step, artinya 2 x 100rb = 200rb kali teken2 layar. Keburu hancur hp kynya di teken 200rb. Belum lagi jari jadi putus, effort banget yah tukar poin ke voucher.."
irvn_norr,16/5/2025 19.03.02,Pulsa gw di sedot tolong bantu supaya bisa di kembalikan lagi pulsanya min
mytelkomsel,16/5/2025 19.09.13,"Maaf, Kak @irvn_norr. Btw disedotnya karena apa nih? sudah coba cek penggunaan terakhirnya di dial *888*77#? Kalo pulsanya tiba-tiba terpotong tanpa penggunaan, silakan infoin nomor Telkomsel, waktu kejadian, nominal pulsa sebelum dan sesudah terpotongnya ke DM biar dicek lebih lanjut ya ğŸ˜Š -Rai"
irvn_norr,16/5/2025 19.21.52,@mytelkomsel udah aku dm min
angling_dharmaa,17/5/2025 04.12.10,Capitalism.
mulyadiadiwijaya,17/5/2025 06.30.01,"Emangnya tiap masuk mytelkomsel harus daftar ya, terus sudah daftar disuruh ferivikasi dan periksa sms, padahal sms dari telkom tidak ada jadi apa yg harus diverifikasikan"
mulyadiadiwijaya,17/5/2025 06.30.35,Mytelkomsel sekarang ribet
mytelkomsel,17/5/2025 06.32.01,"Hai, Kak Mulyadi. Fitur aplikasi myTelkomsel makin bagus dan banyak pilihannya loh, yuk eksplor aplikasinya. -Chika"
sobat_chilly,17/5/2025 12.00.29,Pake KARTU TELKOMSEL tapi kartu SIM tak pernah diaktifkan dan tak pernah dipake diisi pas masa tenggang doang telpon tipu2 sms2 gak jelas bikin risih beda sama operasi sebelah adem cuma sms dari operator...
mytelkomsel,17/5/2025 12.02.53,Huhu maaf kalo Kakak terima SMS indikasi spam :( Kita bisa bantu blokir di DM dan share nomor HP serta capture masing-masing SMSnya ke DM yaa. -Joan
albimo_ahmad3123016,17/5/2025 14.28.01,JKT48
suwardin.m,18/5/2025 18.49.29,Alhamdulillah ini dapat juga . Terimakasih miminğŸ”¥ğŸ”¥ğŸ”¥ğŸ”¥
wisnu_dear,6/5/2025 08.36.00,Untuk claim hadiahnya gimana minğŸ™ğŸ»
wisnu_dear,6/5/2025 08.40.21,@mytelkomsel okey min terimakasih banyak
mytelkomsel,6/5/2025 08.40.28,"Wiih selamat ya Kak @wisnu_dear udah berhasil jadi salah satu pemenang. Tunggu ya, pemenang pasti akan dihubungi langsung oleh pihak kami untuk konfirmasi data diri. Kakak juga bisa lanjut interaksi di DM ya, biar dibantu cek lebih lanjut. Makasih ğŸ˜Š -Sakia"
fadlilarif,6/5/2025 11.46.59,Alhamdulillah â¤ï¸â¤ï¸â¤ï¸ makasih min
dzjidan,6/5/2025 12.00.07,yeayy alhamdulillah
indirayyan,6/5/2025 12.08.17,@fadlilarif ğŸ‘ğŸ”¥
diky_fasl,6/5/2025 12.26.21,"alhamdulillah, walau KM Record banyak nya hilang karena APK nya bad, padahal bisa masuk Rank 20 teratas sayang nya jadi Rank 40-50 ğŸ˜‚ğŸ˜‚"
henry.koswara,6/5/2025 15.55.28,Cek DM
mytelkomsel,6/5/2025 15.56.51,Siyapp meluncur Kak Henry. ğŸ«¡ -Caris
trisnapkphn,6/5/2025 18.38.00,"ini kenapa paketan ""flash sale"" sangat jelek ya? bahkan untuk membuka app mytelkomsel saja sangat lama"
al_fathoni59,6/5/2025 20.09.32,lemot banget
_zaldiiiii,6/5/2025 21.00.53,Paket elit sinyal sulit anjing
geova_shantana,7/5/2025 06.53.35,Aplikasi MyTelkomsel gangguan kah dri kmren
mytelkomsel,7/5/2025 06.54.54,"gi Kak, silakan dicoba clear cache terlebih dahulu, dicoba uninstall, lalu install kembali dengan aplikasi versi terbaru. Setelah itu dicoba kembali. -Haura"
damlbb_,7/5/2025 17.05.25,"Telkomsel gak mau ada perbaikan? Masa gitu gitu aja, sadar diri dong aduhh, udah bayar masa layananan nya jelek, jaringan jelek, gimana mau jadi saingan Starlink, wong jaringan aja kaga meratağŸ˜‚"
mytelkomsel,7/5/2025 17.08.42,"Maafin Kak guna dibantu lebih lanjut infokan nomor HP, lokasi, awal tanggal waktu kejadian dan nomor HP kendala yang sama ke DM. Makasih -Chika"
hamdii_fytr,8/5/2025 00.39.12,"Min maaf,cara aktifkan kembali nomor Telkomsel yg udah mati gimana ya, udah hilang sinyal nya ini"
mytelkomsel,8/5/2025 00.40.53,"Hallo Kak Hamdi. Mengenai reaktivasi nomor namun sudah tidak ada sinyal, Kakak bisa infoin nomor HP melalui DM ya, biar dibantu cek serta privasi data terjaga. Makasih :) -Zyad"
rabbanirachmat,8/5/2025 03.36.25,Min
tinawaruwuu,8/5/2025 16.50.01,Congratulation @andreartup ğŸ”¥
mytelkomsel,8/5/2025 16.51.13,Semangat Kak @tinawaruwuu  @andreartup ğŸ¤— -Nesya
nobinobitsa,8/5/2025 19.15.21,Min ini knp mytelkomsel mau beli paket pakai pulsa gak bisa? Harus aktifin pinjol
mytelkomsel,8/5/2025 20.23.50,"Maaf ya, Kak. Rasya bantu cari solusi biar sinyal stabil lagi. DM in nomor HP, tanggal kejadian, sama lokasi (kelurahan, kecamatan dan kota) yuk. Sehat selalu :) -Rasya"
mytelkomsel,8/5/2025 20.24.47,"Maaf ya, Kak. Rasya bantu cari solusi biar jaringan kenceng lagi. DM in nomor HP, tanggal kejadian, sama lokasi (kelurahan, kecamatan dan kota) yuk. Sehat selalu :) -Rasya"
mytelkomsel,8/5/2025 20.25.37,"Maaf ya, Kak. Rasya bantu cari solusi biar jaringan kenceng lagi. DM in nomor HP, tanggal kejadian, sama lokasi (kelurahan, kecamatan dan kota) yuk. Sehat selalu :) -Rasya"
mnfls_,8/5/2025 22.06.08,Sinyal simpati kenapa AMPAS BANGET yaaa???
mytelkomsel,8/5/2025 22.14.00,"Yaaaaah kendalanya dari kapan Kak? Maafin ğŸ˜” Kakak bisa infoin juga nomor HP, nomor lain yang alami kendala sama jika ada, dan detail lokasinya ke DM ya. -Beeru"
krisnafir,9/5/2025 08.54.42,Kenapa telp 188 selalu terputus saat dihubungkan dg Caroline Officer? 021-500057 juga nomor yg anda tuju tidak dapat dihubungi..Sedang tidak ada waktu ke GRAPARI. Klik Vero dari apps My Telkomsel juga loading terus. Tolong dong saya harus kontak kemana?????
harnizaidar1407,9/5/2025 10.51.16,Sama. Udh 2 mnggu g jelas. D update ga bs. Bener2 hrs reinstall. Bkin kerjaan aja dah
dpid.int_,9/5/2025 20.26.57,"ini kenapa si buka apk mytelkomsel delay, ngeleg, berattt bangett, kenapa min oii"
weni_intankur,9/5/2025 21.22.37,Ini gue nggak bisa login berbulan-bulan di aplikasi my telkomsel kenpa siihhh aplikasi kalian?? Udah di hapus instal dicoba berkala masih aja nggak bisa login ! Tlong benerin dong aplikasinya jadul banget apa2 eror
khaliim_imaa,9/5/2025 23.30.38,"boleh lari, tapi jangan lari dari kenyataan ğŸ™Œ jangan lupa lari nya di event @digilandid  x @mytelkomsel ya gurlsssğŸ˜â¤ï¸"
khris.na21,10/5/2025 08.31.58,Cekk dm kocak telkomsel mahal sih gpp tqpi harus bareng sama kualitas nya dong lemot parah apk loe
mytelkomsel,10/5/2025 08.36.15,"Kak @khris.na21, Dm-nya akan segera dibalas ya. Mohon ditunggu. Makasih. -Dya"
cayoonshinchan,10/5/2025 12.57.42,"Sinyal busuk,"
mytelkomsel,10/5/2025 12.59.17,"Maafin Kak infokan nomor HP, lokasi, waktu kejadian dan nomor HP kendala yang sama ke DM. Makasih -Chika"
ssadewipl,10/5/2025 18.51.18,Min saya beli paket di my Telkomsel udh payment tp gk masuk !!!!
mytelkomsel,10/5/2025 19.16.59,"Maaf banget Kak. Udah cek pemotongan saldo dan cek ga ada refund saldo otomatis? Coba deh kasih tau nomor HP, tanggal kejadian sama capture berhasilnya via DM biar dibantuin cek ya. Makasih :) -Zidane"
nonaapril68,10/5/2025 21.03.17,"Ini sinyal simpati udah 7 hari kenapa bapuk,no service mulu sih min"
mytelkomsel,10/5/2025 21.08.40,"Halo, Kak @nonaapril68 Maaf buat kendala sinyalnya ğŸ™ Coba infokan nomor HP, lokasi detail (kel, kec, kota), tanggal waktu kejadian sama nomor Telkomsel lain yang berkendala via DM. kami bantu tindaklanjuti. -Nabil"
nonaapril68,10/5/2025 21.27.07,@mytelkomsel ok aq DM
adamncum,11/5/2025 06.21.10,Harga elit sinyal silit
mytelkomsel,11/5/2025 06.23.35,"Pagi Kak Adam, maaf ya Kak. Akan dibantu cek dan tindak lanjuti, Kakak bisa infokan nomor HP, lokasi detail (min. s.d Kelurahan), tanggal waktu kejadian, nomor lain yang berkendala sama jika ada via DM. -Haura"
muhamadsidiq_23,11/5/2025 06.47.09,"Saldo suka kepotong, aplikasi my Telkomsel lemot banget, dan sering Error, please  lah min ğŸ˜¢"
mytelkomsel,11/5/2025 06.53.21,"Pagi Kak Sidiq. Jika pulsa tiba-tiba berkurang, apakah Kakak sudah cek penggunaan pulsa terakhir via *888*77#? Pastikan udah aktifin fitur Jaga Pulsa di aplikasi MyTelkomsel, dan silakan dilakukan clear cache lalu relogin dan pastikan sudah menggunakan aplikasi versi terbaru. Kakak juga bisa infokan nomor HP-nya via DM. -Haura"
alfurqan.18,11/5/2025 14.23.09,Telkomsel oi aku udh isi kouta di my Telkomsel gk masok oiiii
mytelkomsel,11/5/2025 14.25.18,"Apakah ada saldo refund masuk, Kak Alfurqan? Maaf ya, Kak ğŸ˜” Mengenai kuota yang belum diterima, boleh DM nomor, capture dan SN/ID transaksinya biar di cek lebih lanjut. Makasih ğŸ˜Š -Emmy"
alfurqan.18,11/5/2025 14.33.10,@mytelkomsel sudah saya dm kk
eventsuroboyo,5/5/2025 20.00.24,ğŸ‘ğŸ‘ğŸ‘
hu.daaa__,5/5/2025 20.03.37,Lumayan
_elannwd,5/5/2025 20.08.54,@gerry_alfri congratulationsğŸ”¥
i.zlfa_,5/5/2025 20.11.30,Ini sistem nya virtual bukan min?
gerry_alfri,5/5/2025 20.15.26,@yennyyakub28 ğŸ™ğŸ»ğŸ™ğŸ»
gerry_alfri,5/5/2025 20.15.30,@_elannwd ğŸ™ğŸ»ğŸ™ğŸ»
hifii09,5/5/2025 20.24.10,Ngeri pakğŸ˜­ Congrats @gerry_alfri ğŸ’¥ğŸš€
mytelkomsel,5/5/2025 20.24.24,ğŸ¥³ ğŸ¥³ ğŸ¥³ -Zidane
mytelkomsel,5/5/2025 20.27.31,Betul Virtual Run ya Kak @i.zlfa_ :) -Zidane
timothygbl,5/5/2025 20.27.41,Menyala Komandan @gerry_alfri ğŸ‘ğŸ”¥ğŸ”¥
dikiaditya96,5/5/2025 20.27.50,Kok apk My Telkomsel Saya udh 2 hari ini gak bisa login ya. mentok di tampilan awal mulu. Ada yang sama?
d.aria_515,5/5/2025 20.31.05,@gerry_alfri menyalağŸ”¥
buche_zhuang,5/5/2025 20.35.19,"Kalo lain kali mau bikin challenge virtual run, perbaiki dulu fitur 'Lari'nya, masih sering error ğŸ˜"
mytelkomsel,5/5/2025 20.42.45,"Maafin Kak Diki yuk re-install aplikasi MyTelkomsel, lalu login kembali. Infokan nomor HP, type perangkat dan OS ke DM. Makasih -Chika"
mytelkomsel,5/5/2025 20.45.40,"Maafin Kak Zhuang, yuk re-install aplikasi MyTelkomsel lalu login kembali dan coba berkala. Jika masih kendala infokan nomor HP, type perangkat dan OS ke DM. Makasih -Chika"
rey_ngl,5/5/2025 20.55.28,congratulations @dimaseggii bang @gerrymanaek and bro @jerryroger benar2 runner sejati ğŸƒğŸ¿â€â¡ï¸ğŸƒğŸ½â€â™‚ï¸â€â¡ï¸ğŸ™ŒğŸ”¥
jerryroger,5/5/2025 20.55.58,@rey_ngl thanks Bang
gerry_alfri,5/5/2025 20.56.20,@timothygbl siap suhu ğŸ™ğŸ»ğŸ«¡
gerry_alfri,5/5/2025 20.56.53,@hifii09 ğŸ™ğŸ»ğŸ™ğŸ»
gerry_alfri,5/5/2025 20.57.00,@d.aria_515 ğŸ™ğŸ»ğŸ™ğŸ»
dikiaditya96,5/5/2025 20.57.22,"@mytelkomsel Sudah bisa kak, barusan ternyata mesti di uninstall terlebih dahulu. Ini sudah bisa login lagi kak. â˜ºï¸"
boenkman93,5/5/2025 20.59.30,Kalau diskon tiket 50% itu dimana kak?
egi_kuswandi,5/5/2025 20.59.46,Alhamdulillah ğŸ˜ nyesel kaga ngepush
_khoirulanam02,5/5/2025 20.59.48,@gerry_alfri mantap abangğŸ’ª
bjtlari,5/5/2025 21.01.27,"Halo @mytelkomsel @digilandid @telkomsel validasi yg benar dong dan dibandingin data dr fitur lari dgn data stravanya, activitynya banyak yg ga wajar dan beberapa saya screenshoot (23 km- 1jam 38menit, 43km-2jam 50menit, naik motor inimah, tengah malam lg naiknya). Fitur larinya masih byk perlu peningkatan, tp jgn segegabah ini jg memvalidasi event virtual. Yuk, sesuai detil rules masih bisa diubah ini"
gerry_alfri,5/5/2025 21.02.03,@_khoirulanam02 ğŸ™ğŸ»ğŸ™ğŸ»
original.sva,5/5/2025 21.14.28,congrats abang @gerry_alfri
andiandijayadiyono,5/5/2025 21.26.25,"Bisa gk sih Telkomsel bikin juga semacam talent menyanyi dari berbagai genre,tanpa batasan usia pulağŸ™lagian pengguna setia Telkomsel juga lintas usia,pasti lebih seru dan beda,bahkan bisa saja jadi role model platform lain,karena berani buat terobosan beda dari yang lain."
gerrymanaek,5/5/2025 21.31.04,@rey_ngl sama-sama Bangg
fajrulazmi,5/5/2025 21.31.19,Saya seribu kilo
mytelkomsel,5/5/2025 21.46.56,Makasih Kak Andi buat masukannya ğŸ’ -Beeru
mraihann01,5/5/2025 22.16.00,@gerry_alfri keren bang
rzy_aay,5/5/2025 22.28.19,"Gk nyangka gua menag, terus cara cairinya gmna ya?"
jouvinz,5/5/2025 22.34.41,claim pemenangnya dimana ini min?
nuninunay,5/5/2025 22.43.10,"Ihiwww menang bang, dapat 250k @andreartup"
mytelkomsel,5/5/2025 22.47.06,"Ditunggu konfirmasi dari pihak Telkomsel ya, Kak Rzy. -Beeru"
mytelkomsel,5/5/2025 22.47.30,"Pengumuman pemenangnya ada dipostingan ya Kak, silakan slide/geser postingan, terima kasih. -Nabil"
rzy_aay,5/5/2025 23.05.43,@mytelkomsel ok
cucueinstein,5/5/2025 23.07.19,@gerrymanaek keren banggg
husinsss,5/5/2025 23.41.42,Gabisa beli paket internet lewat aplikasinya gimana inii
mytelkomsel,5/5/2025 23.46.46,"Yaaaaaah Kak Husin alami kendala transaksinya, maafin ğŸ˜” Kuy reinstall dulu aplikasinya. Bila masih kendala silakan kirim capture kendala dan nomor HP yang digunakannya ke DM. -Beeru"
war.dinosaurus,6/5/2025 01.21.50,"Min saya masuk leaderboard 10 besar loh, kok nama saya gak ada? ğŸ˜¢ Saya udah ngikutin syarat dan rulesnya juga."
war.dinosaurus,6/5/2025 01.39.47,@war.dinosaurus min saya urutan ke-6 di leaderboard. Duh menangis kaki saya ğŸ˜¢
mytelkomsel,6/5/2025 01.41.00,Kakak bisa lanjutin interaksinya di DM biar dibantu lebih lanjut ya. -Beeru
giar_berlalu2,6/5/2025 05.27.20,"Ternyata banyak yg complain, semoga next event bisa lebih baik lagi."
gerry_alfri,6/5/2025 06.18.18,@mraihann01 ğŸ™ğŸ»ğŸ™ğŸ»
gerry_alfri,6/5/2025 06.19.27,@original.sva ğŸ™ğŸ»ğŸ™ğŸ»
_cha.cun,6/5/2025 08.04.18,kenapa app my Telkomsel ampas sekali ya. tiap  dibuka tidak bisa. mau beli paket cek kuota juga gk bisa padahal sudah versi terbaru.  giliran paket habis pulsa langsung kepake.  bangkeeeeeee
mytelkomsel,6/5/2025 08.14.12,"Huhu maaf ya Kak @_cha.cun buat kendala akses MyTelkomsel udah coba clear cache, re-install dan akses kembali? infoin nomor HP dan keterangan gagal ke DM agar dicek yaa, makasih :)-Sabil"
